{"sections":{"main":{"type":"main-404","settings":{}},"3accdb57-1767-4c42-b5d4-8a6294567a2b":{"type":"multicolumn","blocks":{"template--16917418508521__3accdb57-1767-4c42-b5d4-8a6294567a2b-column-1":{"type":"column","settings":{"title":"Column","text":"<p>Pair text with an image to focus on your chosen product, collection, or blog post. Add details on availability, style, or even provide a review.<\/p>","link_label":"","link":""}},"template--16917418508521__3accdb57-1767-4c42-b5d4-8a6294567a2b-column-2":{"type":"column","settings":{"title":"Column","text":"<p>Pair text with an image to focus on your chosen product, collection, or blog post. Add details on availability, style, or even provide a review.<\/p>","link_label":"","link":""}},"template--16917418508521__3accdb57-1767-4c42-b5d4-8a6294567a2b-column-3":{"type":"column","settings":{"title":"Column","text":"<p>Pair text with an image to focus on your chosen product, collection, or blog post. Add details on availability, style, or even provide a review.<\/p>","link_label":"","link":""}}},"block_order":["template--16917418508521__3accdb57-1767-4c42-b5d4-8a6294567a2b-column-1","template--16917418508521__3accdb57-1767-4c42-b5d4-8a6294567a2b-column-2","template--16917418508521__3accdb57-1767-4c42-b5d4-8a6294567a2b-column-3"],"settings":{"title":"Multicolumn","heading_size":"h1","image_width":"full","image_ratio":"adapt","columns_desktop":3,"column_alignment":"left","background_style":"primary","button_label":"Button label","button_link":"","color_scheme":"","columns_mobile":"1","swipe_on_mobile":false,"padding_top":36,"padding_bottom":36}}},"order":["main","3accdb57-1767-4c42-b5d4-8a6294567a2b"]}