{"sections":{"banner":{"type":"main-collection-banner","disabled":true,"settings":{"show_collection_description":true,"show_collection_image":false,"color_scheme":"background-1"}},"product-grid":{"type":"main-collection-product-grid","disabled":true,"settings":{"products_per_page":16,"columns_desktop":4,"image_ratio":"adapt","image_shape":"default","show_secondary_image":false,"show_vendor":false,"show_rating":false,"enable_quick_add":false,"enable_filtering":true,"filter_type":"horizontal","enable_sorting":true,"columns_mobile":"2","padding_top":36,"padding_bottom":36}},"43b6d931-8325-4084-974d-5ebc5bc1e4aa":{"type":"image-with-text","blocks":{"template--16917418639593__43b6d931-8325-4084-974d-5ebc5bc1e4aa-heading-1":{"type":"heading","settings":{"heading":"Made by Recruiters","heading_size":"h1"}},"template--16917418639593__43b6d931-8325-4084-974d-5ebc5bc1e4aa-text-1":{"type":"text","settings":{"text":"<p>Still trying to crack that linked-in recruiter algorithm? Worried about the ATS(applicant tracking systems) that screen your profile and filter it for keywords that are relevant? Don't worry we got you covered. <\/p><p><br\/>With our expertise in recruitment, we will make a CV that will stand out on any boolean search that recruiters make while shortlisting profiles of candidates. With our keyword based,  custom-built CV, you would rank higher and get the attention of other recruiters. <\/p>","text_style":"body"}},"8a417a88-5fe8-4292-85b3-73b6f459ddb3":{"type":"button","settings":{"button_label":"Make your CV","button_link":"shopify:\/\/products\/curriculum-vitae-text-resume-add-ons","button_style_secondary":false}}},"block_order":["template--16917418639593__43b6d931-8325-4084-974d-5ebc5bc1e4aa-heading-1","template--16917418639593__43b6d931-8325-4084-974d-5ebc5bc1e4aa-text-1","8a417a88-5fe8-4292-85b3-73b6f459ddb3"],"settings":{"image":"shopify:\/\/shop_images\/Screenshot_2023-09-28_031330.jpg","height":"adapt","desktop_image_width":"medium","layout":"image_first","desktop_content_position":"top","desktop_content_alignment":"left","content_layout":"no-overlap","color_scheme":"","image_behavior":"none","mobile_content_alignment":"left","padding_top":36,"padding_bottom":36}},"257c00c0-dd10-42b5-90ea-e7e032f17ffa":{"type":"featured-product","blocks":{"template--16917418639593__257c00c0-dd10-42b5-90ea-e7e032f17ffa-text-1":{"type":"text","settings":{"text":"{{ section.settings.product.vendor }}","text_style":"uppercase"}},"template--16917418639593__257c00c0-dd10-42b5-90ea-e7e032f17ffa-title-1":{"type":"title","settings":{"heading_size":"h1"}},"template--16917418639593__257c00c0-dd10-42b5-90ea-e7e032f17ffa-price-1":{"type":"price","settings":{}},"template--16917418639593__257c00c0-dd10-42b5-90ea-e7e032f17ffa-variant_picker-1":{"type":"variant_picker","settings":{"picker_type":"button"}},"template--16917418639593__257c00c0-dd10-42b5-90ea-e7e032f17ffa-buy_buttons-1":{"type":"buy_buttons","settings":{"show_dynamic_checkout":true,"show_gift_card_recipient":true}}},"block_order":["template--16917418639593__257c00c0-dd10-42b5-90ea-e7e032f17ffa-text-1","template--16917418639593__257c00c0-dd10-42b5-90ea-e7e032f17ffa-title-1","template--16917418639593__257c00c0-dd10-42b5-90ea-e7e032f17ffa-price-1","template--16917418639593__257c00c0-dd10-42b5-90ea-e7e032f17ffa-variant_picker-1","template--16917418639593__257c00c0-dd10-42b5-90ea-e7e032f17ffa-buy_buttons-1"],"settings":{"product":"curriculum-vitae-text-resume-add-ons","color_scheme":"","secondary_background":false,"media_size":"medium","constrain_to_viewport":true,"media_fit":"contain","media_position":"left","image_zoom":"lightbox","hide_variants":false,"enable_video_looping":false,"padding_top":36,"padding_bottom":36}}},"order":["banner","product-grid","43b6d931-8325-4084-974d-5ebc5bc1e4aa","257c00c0-dd10-42b5-90ea-e7e032f17ffa"]}