{"sections":{"image_banner":{"type":"image-banner","blocks":{"heading_zxA4xb":{"type":"heading","settings":{"heading":"<strong>Stand out on any boolean search that recruiters make while shortlisting profiles of candidates. With our custom built CV, you would rank higher and get the attention of top recruiters.  We will compare your CV to the potential industry department and job that you are looking for and make sure you're the best pick for their team.<\/strong>","heading_size":"h2"}},"button":{"type":"buttons","settings":{"button_label_1":"Make Now","button_link_1":"shopify:\/\/products\/curriculum-vitae-text-resume-add-ons","button_style_secondary_1":false,"button_label_2":"","button_link_2":"","button_style_secondary_2":false}}},"block_order":["heading_zxA4xb","button"],"custom_css":[],"settings":{"image_2":"shopify:\/\/shop_images\/quan-tri-khach-san-la-cong-viec-thu-hut-nhieu-ung-vien.jpg","image_overlay_opacity":40,"image_height":"large","desktop_content_position":"bottom-center","show_text_box":false,"desktop_content_alignment":"center","color_scheme":"inverse","image_behavior":"ambient","mobile_content_alignment":"center","stack_images_on_mobile":false,"show_text_below":false}},"ss_feature_1_AjtPeD":{"type":"ss-feature-1","blocks":{"image_eiGKej":{"type":"image","settings":{"feature_title":"Salary consultation","feature_text":"We analyse the portals for your position and give you a range of the perfect salary fit according to industry standards and current data.","feature_image":"shopify:\/\/shop_images\/icons8-financial-growth-analysis-64.png","feature_url":"","hide_image":false}},"image_ka68CB":{"type":"image","settings":{"feature_title":"Sourcing","feature_text":"Our team will source CVs matching your job profile and desired companies","feature_image":"shopify:\/\/shop_images\/icons8-applicant-64.png","feature_url":"","hide_image":false}},"image_jDHD34":{"type":"image","settings":{"feature_title":"Selection of matches","feature_text":"Reverse engineer the perfect CV using linkedin, naukri, monster and indeed","feature_image":"shopify:\/\/shop_images\/icons8-resume-50.png","feature_url":"","hide_image":false}},"image_TPUgL8":{"type":"image","settings":{"feature_title":"<strong>3 Applicant Tracking Systems mapped<\/strong>","feature_text":"Rocket through screening processes and ATS (like Linkedin-recruiter and Naukri-resdex) with our keyword mapped CVs","feature_image":"shopify:\/\/shop_images\/icons8-analyze-64.png","feature_url":"","hide_image":false}},"image_Je6Mbx":{"type":"image","settings":{"feature_title":"<strong>Made by recruiters<\/strong>","feature_text":"Made by recruiters sourcing candidates though portals like linkedin, naukri and monster (recruiter, resdex and employer)","feature_url":"","hide_image":false}}},"block_order":["image_eiGKej","image_ka68CB","image_jDHD34","image_TPUgL8","image_Je6Mbx"],"settings":{"feature_row":1,"feature_row_mobile":1,"feature_gap":40,"feature_gap_mobile":38,"feature_padding_vertical":22,"feature_padding_horizontal":10,"feature_radius":24,"feature_border_thickness":0,"feature_shadow":false,"feature_heading_custom":false,"feature_heading_font":"josefin_sans_n4","feature_heading_size":30,"feature_heading_size_mobile":30,"feature_heading_height":100,"feature_heading_mt":0,"feature_text_custom":false,"feature_text_font":"josefin_sans_n4","feature_text_size":20,"feature_text_size_mobile":20,"feature_text_height":130,"feature_text_mt":12,"feature_icon_size":42,"feature_icon_size_mobile":42,"feature_bg":"#ffffff","feature_border_color":"#000000","feature_shadow_color":"#000000","feature_heading_color":"#000000","feature_text_color":"#000000","feature_icon_color":"#000000","background_color":"#ffffff","background_gradient":"","border_color":"#000000","margin_top":0,"margin_bottom":0,"padding_top":16,"padding_bottom":16,"padding_horizontal":5,"padding_horizontal_mobile":1.5,"full_width":false,"content_width":120,"border_thickness":0,"lazy":true}},"image_with_text_dNeABj":{"type":"image-with-text","blocks":{"heading_9gHNDi":{"type":"heading","settings":{"heading":"<strong>Process Map<\/strong>","heading_size":"h0"}},"button_wi8W8b":{"type":"button","settings":{"button_label":"Details","button_link":"https:\/\/starcv.in\/products\/curriculum-vitae-text-resume-add-ons","button_style_secondary":false}}},"block_order":["heading_9gHNDi","button_wi8W8b"],"settings":{"image":"shopify:\/\/shop_images\/process2.jpg","height":"adapt","desktop_image_width":"large","layout":"image_first","desktop_content_position":"middle","desktop_content_alignment":"center","content_layout":"no-overlap","section_color_scheme":"","color_scheme":"","image_behavior":"none","mobile_content_alignment":"center","padding_top":28,"padding_bottom":0}},"image_with_text_hALAfB":{"type":"image-with-text","blocks":{"heading_XqNVJD":{"type":"heading","settings":{"heading":"<strong>TEMPLATES<\/strong>","heading_size":"h1"}},"text_3z9H3E":{"type":"text","settings":{"text":"<p><strong>Choose the Default Naukri, Linkedin or Monster templates, or mail us a custom example.<\/strong><\/p>","text_style":"subtitle"}},"button_gWQnzc":{"type":"button","settings":{"button_label":"Make Now","button_link":"https:\/\/starcv.in\/products\/curriculum-vitae-text-resume-add-ons","button_style_secondary":false}}},"block_order":["heading_XqNVJD","text_3z9H3E","button_gWQnzc"],"settings":{"image":"shopify:\/\/shop_images\/cvtemplates.png","height":"adapt","desktop_image_width":"small","layout":"text_first","desktop_content_position":"top","desktop_content_alignment":"left","content_layout":"no-overlap","section_color_scheme":"","color_scheme":"","image_behavior":"ambient","mobile_content_alignment":"left","padding_top":36,"padding_bottom":36}}},"order":["image_banner","ss_feature_1_AjtPeD","image_with_text_dNeABj","image_with_text_hALAfB"]}