{"sections":{"main":{"type":"main-page","settings":{"padding_top":28,"padding_bottom":28}},"3d2216f7-3c44-40c8-a15c-8e86f56e6e4a":{"type":"multirow","blocks":{"template--16917418737897__3d2216f7-3c44-40c8-a15c-8e86f56e6e4a-row-1":{"type":"row","settings":{"image":"shopify:\/\/shop_images\/1691516874546.png","caption":"","heading":"","text":"<h3>Before the interview, do your research<\/h3><p>Do some research on them before the interview to figure out what they do, what their core values are, what the company’s mission is, etc. Keep in mind everything you know and like about them.<\/p><p>Keep in mind that there’s not always going to be a lot to find out about <strong>every<\/strong> employer who interviews you. Smaller companies, for example, might not have a lot of information about them online, or they may not have core values and mission statements to guide them like big organizations do. <\/p><p>In such cases, you can find out more about the job and its responsibilities and show how you can do it well thanks to your skills and experience. <\/p>","button_label":"","button_link":""}}},"block_order":["template--16917418737897__3d2216f7-3c44-40c8-a15c-8e86f56e6e4a-row-1"],"settings":{"image_height":"medium","desktop_image_width":"medium","heading_size":"h1","text_style":"body","button_style":"secondary","desktop_content_position":"middle","desktop_content_alignment":"left","image_layout":"alternate-left","section_color_scheme":"","row_color_scheme":"","mobile_content_alignment":"left","padding_top":36,"padding_bottom":36}},"4c80e3a6-a9fe-411c-acd0-79bf1c01bcc3":{"type":"rich-text","blocks":{"template--16917418737897__4c80e3a6-a9fe-411c-acd0-79bf1c01bcc3-heading-1":{"type":"heading","settings":{"heading":"","heading_size":"h1"}},"template--16917418737897__4c80e3a6-a9fe-411c-acd0-79bf1c01bcc3-text-1":{"type":"text","settings":{"text":"<h2>5 Tips to Talk About Your Strengths<\/h2><p><\/p><ol><li>Be relevant. You should mention strengths that are relevant to the job you’re applying for. Take a close look at the job description and company values to identify them. Make sure to mention them when asked about your strengths (as long as you really possess them, of course). <\/li><li>Back up your claims. To really make an impression, back up everything you say with evidence. Instead of saying “I’m a great leader,” say something like: “I’d say my strength is being a team leader. In my previous role, I led a team of five that increased company sales by 20% in seven months.” <\/li><li>Show humility. While it’s beneficial to “show off” your strengths, it’s just as important to show humility and acknowledge you still have room - and willingness - to learn and grow. <\/li><li>Be authentic. Don’t exaggerate or embellish your strengths and, most importantly, don’t lie about them. Sooner or later, your employer will know and that’s not a situation that you want to be in. <\/li><li>Emphasize how your strengths can benefit the company. As much as you can, tie your strengths back to how they can benefit the company and contribute to its success. For example, “Creativity is one of my biggest strengths and I think it will help me create more successful and engaging advertising campaigns for your products.”<\/li><\/ol>"}}},"block_order":["template--16917418737897__4c80e3a6-a9fe-411c-acd0-79bf1c01bcc3-heading-1","template--16917418737897__4c80e3a6-a9fe-411c-acd0-79bf1c01bcc3-text-1"],"settings":{"desktop_content_position":"center","content_alignment":"center","color_scheme":"","full_width":true,"padding_top":40,"padding_bottom":52}},"d935658e-f1d4-483a-90fa-d8a2e3dad90b":{"type":"rich-text","blocks":{"d634c0f8-9f61-42e3-9675-ce878f078a01":{"type":"heading","settings":{"heading":"","heading_size":"h1"}},"e832b3b7-9817-46c0-8bc7-5dd52eb441d5":{"type":"text","settings":{"text":"<h2>6 Tips to Talk About Your Weaknesses <\/h2><p>Effectively highlighting your strengths when answering the “strengths and weaknesses” question is only half of the work.<\/p><p>The rest is about discussing your weaknesses the right way. <\/p><p>After all, you don’t want to be one of those candidates who make the interview mistake of answering with something like <em>“my greatest weakness is that I’m a perfectionist.”<\/em> The interviewer will not appreciate your lack of self-awareness and inability to talk about your weak points. <\/p><p>At the same time, you don’t want to mention a weakness that can actually ruin your chances of getting the job (e.g. saying your weakness is impatience while applying for a role as a teacher). <\/p><p>So, how can you talk about your weakness in a way that shows self-awareness and the willingness to learn? Here are our top tips: <\/p><ol><li><strong>Be honest, but tactful.<\/strong> Talk about a genuine weakness, but avoid mentioning a weakness that’s critical to the job or that’s too personal (e.g. “my weakness is that I’m unlucky in love and often get used by people”). <\/li><li><strong>Talk about self-improvement.<\/strong> Actions speak louder than words. Explain just how you’re working on overcoming your weakness by highlighting the steps you’ve taken or that you’re currently taking to improve. <\/li><li><strong>Show willingness to learn.<\/strong> When you’re discussing your weaknesses, make sure to stress that you’re open to feedback, advice, and help to continue learning and growing. <\/li><li><strong>Highlight strengths.<\/strong> For every weakness that you mention, show that you possess a strength or skill to compensate for it. For example, if you mention public speaking as a weakness, you can say your creativity compensates for it. <\/li><li><strong>Be specific.<\/strong> This applies to literally everything job-application-process-related, interviews included. The more specific you can be about an example where you identified a weakness, overcame it, or turned it into a strength, the more you’ll be able to impress the hiring manager.<\/li><li><strong>Practice your response.<\/strong> Talking about our weaknesses doesn’t come easy to most people, so don’t let this question catch you off guard. Check the job description and role requirements in advance, think about a genuine weakness that won’t penalize you as a candidate, and practice your answer before the interview to deliver it as confidently as possible. <\/li><\/ol>"}}},"block_order":["d634c0f8-9f61-42e3-9675-ce878f078a01","e832b3b7-9817-46c0-8bc7-5dd52eb441d5"],"settings":{"desktop_content_position":"center","content_alignment":"center","color_scheme":"","full_width":true,"padding_top":40,"padding_bottom":52}},"9f770697-9c06-41a3-b192-fe2ec7cb4a19":{"type":"rich-text","blocks":{"ea91965c-31c4-4e53-851e-6bdf0481cd20":{"type":"heading","settings":{"heading":"","heading_size":"h1"}},"2fc9f95e-3544-4655-ad54-f702c530e86c":{"type":"text","settings":{"text":"<h2>4 Essential Tips on Answering “Tell Me About Yourself”<\/h2><h3>1) Keep It Professional and Brief<\/h3><p>When answering, try to keep it under 1-2 minutes, at most.<\/p><p>No, the HR manager doesn’t want to know your entire life story.<\/p><p>They don’t care about which kindergarten you went to, how your first internship went, or what you studied in high school.<\/p><p>You want to stick to your main selling points that are relevant for the job.<\/p><p><em><strong>Pro tip: <\/strong><\/em><em>If you can see that the interviewer is getting distracted, you should take that as a sign that it might be time to wrap up.<\/em><\/p><p>Here’s how you WOULDN’T answer this interview question...<\/p><p><strong>Incorrect answer:<\/strong><\/p><p>Well, I’ve always been interested in tech.<\/p><p>But it all probably started when I was a kid, and at the age of 9 I first got my computer.<\/p><p>I always loved playing around with code and learning new things. But it wasn’t until that high school where I first had my first class about it that really made me fall in love with the subject.<\/p><p>Since then, I started learning more about it and decided to major in IT at University X where I learned how to.<\/p><h3>2) Practice, But Don’t Memorize<\/h3><p>You’re bound to hear “tell me about yourself” on just about every interview.<\/p><p>So, all you have to do is practice your answer a bit!<\/p><p>Grab a friend and do a quick mock interview.<\/p><p>Keep in mind, though, that you shouldn’t memorize your answer. Sure, it might seem like the safer option, but if you end up forgetting something on the interview, you might mess up your entire answer.<\/p><p>Instead, come up with a general idea of what you’re going to talk about, memorize the structure, and just wing the rest on the interview. <\/p><h3>3) Know Your Audience<\/h3><p>Or, know thy interviewer.<\/p><p>It’s important to keep in mind who you’re talking to.<\/p><p>Is it the HR? Business manager? The hiring manager? The CTO? CMO? CEO?<\/p><p>You might be wondering, why does this matter?<\/p><p>Well, the thing is, each of these people expect a different answer.<\/p><p>Let’s say you’re a software engineer, and you’re being interviewed by the HR manager. If you start going on and on about how much you love coding in Assembly, you’ve practically lost them.<\/p><p>See, the HR manager doesn’t know anything about coding or assembly.<\/p><p>They’re expecting a more generic answer about you, your career, and reasons for applying at the company.<\/p><p>On the other hand, if you’re being interviewed by the CTO or the hiring manager, you can geek out as much as you want.<\/p><h3>4) Remember W.A.P. (Work, Academic, Personal)<\/h3><p>Every good answer to “tell me about yourself” should consist of:<\/p><ul><li><strong>Work<\/strong> - This should make up about 80% of your answer. Focus on your previous experience and accomplishments here.<\/li><li><strong>Academic<\/strong> - 10-15% of your answer should then be about your academic background (university, academic achievements, etc.).<\/li><li><strong>Personal <\/strong>- Finally the last 5-10% should be about you as a person, while still keeping it relevant to the company.<\/li><\/ul><p>Keep in mind, though, that the W.A.P. rule isn’t set in stone.<\/p><p>If you’re a student, for example, your entire answer could be about your academic career and personal interests.<\/p>"}}},"block_order":["ea91965c-31c4-4e53-851e-6bdf0481cd20","2fc9f95e-3544-4655-ad54-f702c530e86c"],"settings":{"desktop_content_position":"center","content_alignment":"center","color_scheme":"","full_width":true,"padding_top":40,"padding_bottom":52}}},"order":["main","3d2216f7-3c44-40c8-a15c-8e86f56e6e4a","4c80e3a6-a9fe-411c-acd0-79bf1c01bcc3","d935658e-f1d4-483a-90fa-d8a2e3dad90b","9f770697-9c06-41a3-b192-fe2ec7cb4a19"]}